ApplicantIncome,CoapplicantIncome,LoanAmount,Loan_Amount_Term,Credit_History,Gender_Male,Married_Yes,Education_Not Graduate,Self_Employed_Yes,Property_Area_Semiurban,Property_Area_Urban,Loan_Status_Y
0.07299082285068835,-0.5544873301529852,-0.21124124943736644,0.2732312961117543,1.0,1,0,0,0,0,1,1
-0.1344119537834512,-0.03873154846446161,-0.21124124943736644,0.2732312961117543,1.0,1,1,0,0,0,0,0
-0.393747337205128,-0.5544873301529852,-0.9489964681145835,0.2732312961117543,1.0,1,1,0,1,0,1,1
-0.4620624697931503,0.25197960169153644,-0.3064354712021687,0.2732312961117543,1.0,1,1,1,0,0,1,1
0.09772843680942063,-0.5544873301529852,-0.05655063906956286,0.2732312961117543,1.0,1,0,0,0,0,1,1
0.0022183113925933443,0.8805997122641535,1.4427583537260718,0.2732312961117543,1.0,1,1,0,1,0,1,1
-0.5030187842943626,-0.035995443521816925,-0.6039174142171756,0.2732312961117543,1.0,1,1,1,0,0,1,1
-0.38784962791695343,0.301913516894802,0.14573708218064182,0.2732312961117543,0.0,1,1,0,0,1,0,0
-0.22893912765224939,-0.03257531234351107,0.26472985938664456,0.2732312961117543,1.0,1,1,0,0,0,1,1
1.2184570268205965,3.196712546212882,2.4184991268152944,0.2732312961117543,1.0,1,1,0,0,1,0,0
-0.3609822856041581,-0.3150781476715751,-0.9013993572321825,0.2732312961117543,1.0,1,1,0,0,0,1,1
-0.4756599662075528,0.07481680665529293,-0.4373275261287717,0.2732312961117543,1.0,1,1,0,0,0,1,1
-0.381788093370774,2.2178710029817448,0.6455067464458534,0.2732312961117543,1.0,1,1,0,0,0,1,1
-0.5816549081366905,0.4168299244858789,-0.3778311375257703,0.2732312961117543,1.0,1,0,0,0,0,0,0
-0.6724141010713772,-0.18306108418896888,-1.532061076423997,-3.4548579441686265,1.0,1,1,0,0,0,1,1
-0.0742880840956714,-0.5544873301529852,-0.24693908259916728,0.2732312961117543,1.0,1,0,0,0,0,1,1
-0.2961074834342377,-0.5544873301529852,-0.5444210256141742,-1.590813324028436,1.0,1,0,1,0,0,1,1
-0.3101964556226548,-0.5544873301529852,-0.8300036909085807,0.2732312961117543,0.0,0,0,0,0,0,1,0
-0.08460907534997693,-0.5544873301529852,-0.15174486083436506,0.2732312961117543,1.0,1,1,1,0,0,0,0
-0.45927744040706786,0.6425585822540657,-0.36593185980517007,0.2732312961117543,1.0,1,1,0,0,0,1,1
0.36967836509747093,-0.5544873301529852,-0.49682391473177306,0.2732312961117543,0.0,1,1,1,0,0,1,0
0.0903563001992024,1.3693364576440608,2.013923684314885,0.2732312961117543,1.0,1,1,0,0,0,1,1
-0.45927744040706786,0.09909973802126454,-0.3540325820845698,0.2732312961117543,0.0,1,1,1,0,1,0,0
-0.333951118033358,0.10115181672824805,-0.4016296929669709,0.2732312961117543,0.0,0,1,1,0,0,0,0
-0.2762846272156509,0.4459010395014787,0.06244213813643989,0.2732312961117543,1.0,1,1,0,0,1,0,0
0.6809463553066851,-0.5544873301529852,0.5384132469604509,0.2732312961117543,1.0,1,1,0,1,1,0,1
-0.4266762140641028,0.21606822431932496,-0.2826369157609681,0.2732312961117543,1.0,1,1,0,0,1,0,1
-0.19289757089118248,-0.19879368760917585,-0.4254282484081714,0.2732312961117543,1.0,1,1,1,0,0,1,1
-0.6489870891766837,-0.5544873301529852,-1.317874077453192,0.2732312961117543,1.0,1,0,1,0,0,1,0
-0.27087839370149086,0.15792599428812534,-0.3064354712021687,0.2732312961117543,1.0,0,0,0,0,1,0,1
-0.20272708637147344,0.5977548638182589,0.6574060241664537,0.2732312961117543,1.0,1,1,0,0,0,1,0
-0.3663885191183182,-0.5544873301529852,-0.8538022463497813,0.2732312961117543,1.0,1,0,0,0,0,1,0
-0.11655500066092259,-0.5544873301529852,-0.4730253592905725,0.2732312961117543,1.0,1,0,0,1,0,0,0
-0.31183470820270326,0.015648537270601556,-0.3778311375257703,0.2732312961117543,1.0,1,1,0,0,1,0,1
1.1625926138409428,0.47155202333877266,2.0734200729178864,0.2732312961117543,1.0,1,0,0,0,0,0,0
-0.5125206492586439,0.15245378440283597,-0.21124124943736644,0.2732312961117543,1.0,1,1,0,0,0,1,1
-0.5857505395868118,-0.09960988343830592,-0.5444210256141742,0.2732312961117543,0.0,1,1,0,0,0,1,0
-0.2844758901158934,-0.055490191238160326,-0.020852805907762038,0.2732312961117543,1.0,0,1,0,0,1,0,1
-0.20272708637147344,1.9114272494055395,0.45511830291624894,0.2732312961117543,1.0,1,0,0,0,0,1,1
-0.27120604421750055,0.015990550388432143,-0.4254282484081714,0.2732312961117543,1.0,1,0,1,0,1,0,1
-0.2954521824022183,-0.5544873301529852,-0.7824065800261797,0.2732312961117543,1.0,1,0,0,0,0,1,0
-0.5903376468109476,-0.13962541822448446,-1.1750827448059888,0.2732312961117543,1.0,1,0,0,0,0,1,1
-0.4920424920080378,-0.5544873301529852,-0.841902968629181,0.2732312961117543,1.0,1,1,0,0,0,1,1
-0.2395877694225646,0.2444553130992636,-0.1398455831137648,0.2732312961117543,1.0,1,1,0,0,1,0,1
-0.11606352488690803,-0.5544873301529852,-0.5920181364965753,0.2732312961117543,1.0,1,1,1,1,0,1,1
-0.32657898142313974,-0.5544873301529852,-0.6872123582613775,0.2732312961117543,1.0,0,0,0,0,0,1,1
0.04022577124971845,-0.5544873301529852,-1.2107805779677896,0.2732312961117543,1.0,1,1,0,0,0,1,1
0.06840371562655256,-0.5544873301529852,-0.020852805907762038,0.2732312961117543,1.0,1,1,0,0,0,1,1
-0.4519053037968496,0.6220377951842305,-0.3064354712021687,0.2732312961117543,0.0,0,1,0,0,0,1,0
-0.2299220792002785,0.22359251291159785,-0.020852805907762038,0.2732312961117543,1.0,0,0,0,0,1,0,1
-0.5693680137863267,0.00778223556049808,-0.5444210256141742,0.2732312961117543,1.0,0,1,1,0,1,0,1
-0.37965836501671096,-0.5544873301529852,-0.3064354712021687,0.2732312961117543,1.0,0,0,0,0,1,0,1
-0.19224226985916307,-0.5544873301529852,-0.4016296929669709,0.2732312961117543,1.0,0,0,0,0,1,0,0
-0.12900572026929116,-0.5544873301529852,-0.1398455831137648,0.2732312961117543,1.0,1,1,0,0,0,1,0
0.9987673558360932,-0.5544873301529852,1.6688446304174769,0.2732312961117543,0.0,0,1,0,1,0,1,0
-0.4415843125425441,-0.15535802164469142,-0.580118858775975,0.2732312961117543,1.0,1,1,0,0,1,0,1
-0.5359476611533375,-0.010344459684522977,-0.5920181364965753,0.2732312961117543,1.0,1,1,0,0,1,0,1
-0.33378729277535313,0.1979415290743039,-0.1279463053931645,0.2732312961117543,1.0,1,1,0,0,0,0,0
0.4384849734595077,0.2150421849658332,0.40752119203384785,0.2732312961117543,1.0,1,1,0,0,0,1,1
-0.33526172009739674,0.42332817372466003,-0.020852805907762038,0.2732312961117543,1.0,1,1,1,0,0,1,1
-0.4756599662075528,0.743794465131919,-0.3064354712021687,0.2732312961117543,1.0,1,1,0,0,0,1,1
-0.38899640472298735,-0.5544873301529852,-0.5563203033347744,0.2732312961117543,1.0,1,1,0,0,0,1,1
-0.4578030130850242,0.6251159132447058,0.22903202622484373,-2.522835634098531,0.0,1,1,1,1,0,0,0
-0.07510721038569565,-0.5544873301529852,-0.21124124943736644,0.2732312961117543,0.0,1,1,0,0,0,0,0
-0.20272708637147344,-0.5544873301529852,-0.3540325820845698,0.2732312961117543,0.0,0,0,0,0,1,0,0
0.05284031611609186,1.0170629462785572,1.3356648542406693,0.2732312961117543,1.0,1,1,0,0,1,0,0
-0.3609822856041581,0.21641023743715554,-0.235039804878567,-2.522835634098531,0.0,1,0,1,0,0,1,0
0.875898412332456,-0.5544873301529852,1.9782258511530841,0.2732312961117543,1.0,1,1,0,0,0,1,1
0.27793622061475515,-0.5544873301529852,-0.24693908259916728,-4.386880254238721,1.0,1,1,1,1,0,1,1
-0.18077450179882362,-0.5544873301529852,-0.11604702767256424,0.2732312961117543,0.0,0,0,0,0,1,0,0
-0.35967168354011936,0.4941248891155913,0.31232697026904566,0.2732312961117543,1.0,1,1,0,0,0,1,1
-0.5780507524605838,0.08678726577936344,-0.580118858775975,0.2732312961117543,1.0,1,1,1,1,1,0,1
-0.31183470820270326,-0.5544873301529852,-0.7705073023055794,-0.6587910139583409,1.0,1,0,0,0,1,0,1
-0.10623400940661706,-0.5544873301529852,-0.6039174142171756,0.2732312961117543,0.0,1,1,1,0,1,0,0
-0.022519302566138943,0.052243940878474254,0.49081613607804975,0.2732312961117543,1.0,1,1,0,1,1,0,1
-0.27087839370149086,-0.5544873301529852,-0.3897304152463706,2.137275916251945,1.0,1,0,0,0,0,1,0
-0.27087839370149086,1.0700749795422981,0.35992408115144675,0.2732312961117543,1.0,1,0,0,0,0,1,0
-0.7213978532148272,0.47907631193104555,-0.4254282484081714,0.2732312961117543,1.0,1,1,0,1,0,1,0
-0.3663885191183182,0.8135651411693586,0.40752119203384785,-0.6587910139583409,0.0,1,1,0,0,1,0,0
-0.33919352628951316,0.186313083068064,-0.1874426939961659,0.2732312961117543,1.0,1,1,1,1,1,0,1
-0.2551511689330253,-0.5544873301529852,-0.41352897068757116,0.2732312961117543,1.0,0,0,0,0,1,0,1
-0.492861618298062,-0.5544873301529852,-0.21124124943736644,0.2732312961117543,1.0,1,1,0,1,1,0,1
-0.659471905688994,0.08883934448634696,0.2528305816660443,0.2732312961117543,1.0,0,1,0,0,0,1,0
0.09772843680942063,0.2150421849658332,1.4189597982848712,0.2732312961117543,1.0,1,1,0,0,1,0,0
-0.23188798229633667,-0.5544873301529852,-1.1393849116441879,-1.590813324028436,1.0,1,1,0,0,0,1,1
-0.49761255078020267,0.3111478710762278,-0.11604702767256424,0.2732312961117543,1.0,1,0,0,0,1,0,1
-0.33919352628951316,0.1295389055081867,-0.5563203033347744,0.2732312961117543,1.0,1,1,1,0,1,0,1
-0.4756599662075528,0.16989645341219584,-0.49682391473177306,0.2732312961117543,1.0,1,1,0,0,1,0,1
0.5181040488498646,-0.5544873301529852,0.7644995236518561,0.2732312961117543,1.0,1,0,0,0,0,1,1
0.04776173311794152,0.8706813318470665,0.34802480343084646,0.2732312961117543,1.0,1,1,0,0,1,0,1
-0.4006279980413317,0.4373507115557141,-0.1755434162755656,0.2732312961117543,1.0,1,1,0,0,1,0,1
0.13868475131063301,1.3792548380611478,0.50271541379865,-2.522835634098531,1.0,1,1,0,0,1,0,1
-0.34902304176980414,0.06797654429868122,-0.7705073023055794,0.2732312961117543,1.0,1,1,1,0,0,1,1
-0.2081333198856335,-0.5544873301529852,-0.2826369157609681,0.2732312961117543,1.0,1,0,0,0,1,0,1
-0.29217567724212135,-0.5544873301529852,-1.4368668546591947,-3.4548579441686265,1.0,1,0,1,0,1,0,1
0.22583978856921297,-0.5544873301529852,-0.21124124943736644,0.2732312961117543,1.0,1,0,0,0,0,1,0
-0.4782811703356304,0.23282686709302367,-0.10414774995196396,0.2732312961117543,1.0,0,1,0,0,1,0,1
-0.5613405761440892,-0.21350025167589104,-1.1393849116441879,0.2732312961117543,1.0,1,1,0,0,1,0,1
-0.19912293069536677,-0.5544873301529852,-0.36593185980517007,-2.522835634098531,1.0,1,1,1,0,1,0,1
-0.5970544823891464,0.6565811200851197,-0.1755434162755656,0.2732312961117543,1.0,1,1,0,0,1,0,1
-0.18274040489488183,0.5615014733282169,-0.15174486083436506,-2.522835634098531,1.0,1,1,1,0,0,1,1
-0.0918173867021903,0.7472145963102249,0.06244213813643989,0.2732312961117543,1.0,1,0,0,0,1,0,1
1.3509916605465198,-0.5544873301529852,-0.21124124943736644,0.2732312961117543,1.0,1,1,0,0,0,1,1
-0.12310801098111657,0.6709456710340044,-0.21124124943736644,0.2732312961117543,1.0,1,1,0,0,1,0,1
-0.2600659266731708,-0.29660943930872347,0.16953563762184237,0.2732312961117543,1.0,1,0,0,0,0,1,1
-0.38522842378887584,-0.2022138187874817,-0.5444210256141742,0.2732312961117543,1.0,1,1,0,0,0,1,1
0.9851698594216907,-0.16938055947574546,0.9429886894608602,0.2732312961117543,1.0,1,1,0,0,0,1,1
0.3161075057298851,-0.5544873301529852,-0.3064354712021687,0.2732312961117543,1.0,1,0,1,0,0,0,0
-0.2626871308012484,0.6767598940371243,0.8358951899754578,0.2732312961117543,0.0,1,1,0,0,0,1,0
-0.5459410018916333,-0.29660943930872347,-0.6158166919377758,2.137275916251945,1.0,1,1,1,0,1,0,1
-0.01432803966589646,-0.5544873301529852,-0.11604702767256424,0.2732312961117543,1.0,1,0,0,0,0,1,1
-0.40537893052347235,0.24342927374577183,-0.08034919451076342,0.2732312961117543,1.0,0,1,0,0,1,0,1
-0.3000392896263541,0.8525546366020454,0.07434141585704017,0.2732312961117543,0.0,1,1,1,0,0,0,0
0.3354388861744574,-0.5544873301529852,-0.21124124943736644,0.2732312961117543,1.0,0,0,0,1,1,0,1
-0.05790555829518644,-0.5544873301529852,-0.3302340266433692,0.2732312961117543,1.0,1,0,0,0,1,0,1
1.5038406262650441,-0.5544873301529852,0.4670175806368492,-2.522835634098531,1.0,1,1,0,0,0,0,1
-0.3663885191183182,0.22632861785424255,0.09813997129824072,0.2732312961117543,1.0,0,1,0,0,1,0,1
-0.5225139899969398,-0.07635299142582608,-0.7229101914231782,0.2732312961117543,1.0,1,1,0,0,0,1,1
0.026955925351325627,0.1781047682401299,0.34802480343084646,0.2732312961117543,1.0,1,1,0,0,0,0,0
0.8198701740947975,-0.5544873301529852,1.3475641319612697,0.2732312961117543,1.0,0,0,0,0,0,1,1
0.04317462589380574,0.3576616551011875,0.40752119203384785,0.2732312961117543,1.0,1,1,0,0,0,0,1
-0.20272708637147344,-0.5544873301529852,-1.2107805779677896,0.2732312961117543,1.0,0,0,0,0,1,0,1
-0.5351285348633132,2.5167904679656767,-0.10414774995196396,0.2732312961117543,0.0,0,0,0,0,1,0,1
-0.40079182329933655,-0.5544873301529852,-0.7705073023055794,0.2732312961117543,1.0,1,1,0,0,1,0,1
-0.18077450179882362,0.1343270891578149,0.5741110801222516,0.2732312961117543,1.0,1,1,1,0,0,0,1
-0.28038025866577215,-0.5544873301529852,-0.6277159696583761,0.2732312961117543,1.0,0,0,0,0,0,0,1
3.014309505069757,-0.5544873301529852,2.6683839589479,0.2732312961117543,1.0,0,1,0,0,0,0,1
-0.2520384890309332,0.006414183089175735,-0.21124124943736644,0.2732312961117543,1.0,1,0,0,0,0,0,1
0.8370718261853066,0.7622631734947707,0.16953563762184237,-2.522835634098531,0.0,1,1,0,1,0,1,0
0.11083445744980859,0.3241443695537901,0.43131974747504837,0.2732312961117543,1.0,1,1,0,0,0,0,0
2.418477041706119,-0.5544873301529852,6.000181720715977,2.137275916251945,1.0,1,0,0,1,0,1,1
-0.5552790415979098,0.10525597414221509,-0.8538022463497813,0.2732312961117543,1.0,1,0,0,0,0,1,1
-0.4399460599624956,-0.5544873301529852,-0.9013993572321825,0.2732312961117543,1.0,1,0,0,0,1,0,1
-0.3185515437809021,-0.5544873301529852,-1.4368668546591947,-3.4548579441686265,1.0,1,1,0,1,1,0,1
-0.08329847328593813,-0.5544873301529852,-0.5206224701729736,0.2732312961117543,1.0,1,0,0,0,1,0,1
-0.2299220792002785,2.096114333034056,1.716441741299878,0.2732312961117543,1.0,1,1,0,0,1,0,0
-0.1344119537834512,-0.5544873301529852,-0.7348094691437785,0.2732312961117543,1.0,0,1,0,0,0,0,0
-0.3419785556755956,0.6425585822540657,-0.6872123582613775,0.2732312961117543,1.0,1,1,0,1,0,1,1
1.5719919335950616,-0.5544873301529852,1.145276410711065,0.2732312961117543,0.0,1,0,0,0,1,0,0
-0.19715702759930856,-0.06540857165524733,-0.19934197171676615,0.2732312961117543,1.0,1,1,1,0,0,0,0
-0.05921616035922524,0.15792599428812534,0.4670175806368492,0.2732312961117543,1.0,1,1,0,0,0,0,0
0.0022183113925933443,-0.5544873301529852,0.26472985938664456,0.2732312961117543,1.0,1,0,0,0,0,1,1
0.2533624319140277,-0.5544873301529852,0.34802480343084646,-2.522835634098531,1.0,1,0,0,1,1,0,1
-0.4432225651225926,0.14116735151442664,-0.2826369157609681,0.2732312961117543,1.0,1,1,0,0,1,0,1
1.0408704471433396,-0.5544873301529852,0.49081613607804975,-2.522835634098531,1.0,1,1,0,0,0,1,1
-0.5035102600683773,0.9797835164350234,-0.5444210256141742,0.2732312961117543,1.0,0,1,0,0,1,0,1
1.5502031742804165,-0.5544873301529852,-0.9013993572321825,0.2732312961117543,1.0,0,1,0,0,0,1,1
-0.6332598644082181,-0.06711863724440026,-1.3773704660561934,0.2732312961117543,1.0,1,1,0,0,0,1,1
0.7530294688288188,0.015306524152770971,0.9429886894608602,0.2732312961117543,1.0,0,0,0,0,0,0,0
-0.08903235731610787,-0.27061644235359894,-0.24693908259916728,0.2732312961117543,1.0,1,1,0,0,1,0,1
0.14310803327676397,-0.5544873301529852,-0.3302340266433692,0.2732312961117543,0.0,1,0,0,0,0,0,0
-0.4630454213411794,0.7280618617117122,0.07434141585704017,0.2732312961117543,1.0,1,1,0,1,0,0,1
0.6163992036527743,-0.5544873301529852,1.1690749661522655,0.2732312961117543,1.0,1,0,0,0,0,1,0
-0.5115376977106149,-0.5544873301529852,-0.3897304152463706,0.2732312961117543,1.0,1,1,1,0,0,0,0
-0.3521357216718963,-0.5544873301529852,-1.1393849116441879,0.2732312961117543,1.0,1,0,0,0,0,1,1
5.667623383716301,-0.5544873301529852,5.405217834685963,-2.522835634098531,0.0,1,1,0,0,1,0,1
0.09772843680942063,-0.5544873301529852,0.16953563762184237,0.2732312961117543,1.0,1,1,0,0,0,0,1
0.6773421996305784,-0.5544873301529852,0.49081613607804975,0.2732312961117543,1.0,1,1,0,0,0,1,1
-0.39702384236522503,0.15792599428812534,-0.3064354712021687,0.2732312961117543,1.0,1,0,0,0,0,0,1
-0.1344119537834512,1.3693364576440608,1.2999670210788685,0.2732312961117543,1.0,1,1,0,0,1,0,1
-0.5800166555566421,-0.19845167449134526,-0.5682195810553747,0.2732312961117543,1.0,1,1,1,0,1,0,1
0.4144026605327948,-0.5544873301529852,1.537952575490874,0.2732312961117543,1.0,1,1,0,0,0,1,0
-0.3791668892426964,-0.11671053932983522,-0.2945361934815684,0.2732312961117543,0.0,1,1,0,0,1,0,0
-0.2025632611134686,-0.05959434865212736,0.14573708218064182,0.2732312961117543,1.0,1,1,0,0,0,0,1
0.6421197691595357,-0.5544873301529852,-0.841902968629181,-2.522835634098531,1.0,1,1,0,0,0,1,1
-0.2779228797956994,0.52832620089865,0.43131974747504837,0.2732312961117543,1.0,1,1,0,0,0,0,1
-0.1344119537834512,-0.5544873301529852,-0.4016296929669709,0.2732312961117543,1.0,0,1,0,0,0,0,0
-0.48565330694584863,0.5854423915763578,-0.19934197171676615,0.2732312961117543,1.0,1,1,0,0,0,0,1
-0.5187460090628283,-0.5544873301529852,-0.9846943012763844,2.137275916251945,0.0,1,0,0,0,1,0,0
0.42537895281911975,-0.5544873301529852,0.6455067464458534,0.2732312961117543,1.0,1,1,0,0,1,0,1
-0.5870611416508505,0.05053387528932133,-0.6039174142171756,0.2732312961117543,1.0,1,1,1,0,0,0,1
7.5948637188853505,-0.5544873301529852,6.59514560674599,-0.6587910139583409,1.0,0,1,0,0,0,1,1
-0.3082305525265966,-0.5544873301529852,-0.7705073023055794,-2.522835634098531,1.0,1,1,1,0,0,0,0
0.049891461472004565,1.3693364576440608,0.49081613607804975,0.2732312961117543,1.0,1,1,0,0,1,0,1
-0.17356619044661026,-0.30276567542967403,-0.6991116359819778,0.2732312961117543,1.0,1,1,1,1,1,0,0
-0.3123261839767178,0.1172264332662856,-0.3540325820845698,0.2732312961117543,1.0,1,1,0,0,0,0,1
-0.5502004585997594,-0.0007680923852665702,-0.5325217478935739,0.2732312961117543,1.0,1,1,0,0,0,0,1
0.01843701193507345,3.3102609013326365,4.155793674022934,0.2732312961117543,0.0,1,1,0,0,1,0,0
-0.27087839370149086,-0.5544873301529852,-0.3540325820845698,0.2732312961117543,1.0,1,1,0,0,1,0,1
-0.5030187842943626,-0.058226296180805014,-0.5206224701729736,2.137275916251945,0.0,1,0,1,0,0,1,0
0.16325854001136048,1.925107774118763,0.40752119203384785,0.2732312961117543,0.0,1,1,0,0,0,1,0
-0.571333916882385,1.1771250854232715,-0.9370971903939832,0.2732312961117543,1.0,1,0,0,0,0,0,0
-0.13162692439736876,-0.5544873301529852,-0.8657015240703816,-2.522835634098531,1.0,1,1,0,0,1,0,1
4.6596065712124615,-0.5544873301529852,1.3594634096818698,0.2732312961117543,1.0,1,1,0,0,1,0,0
-0.29135655095209706,-0.5544873301529852,-0.44922680384937197,0.2732312961117543,1.0,0,1,0,0,1,0,1
5.528044263896169,1.0700749795422981,-0.3064354712021687,0.2732312961117543,1.0,1,1,0,1,1,0,1
-0.5284116992851143,-0.5544873301529852,-0.9489964681145835,-0.6587910139583409,0.0,1,1,0,1,0,0,0
-0.49482752139412023,0.17673671576880756,-1.0441906898793858,0.2732312961117543,1.0,1,1,0,0,0,0,1
-0.7748048873244081,1.256814141877798,0.26472985938664456,0.2732312961117543,1.0,0,1,0,1,0,0,1
0.64293889544956,-0.5544873301529852,0.50271541379865,-2.522835634098531,1.0,1,1,0,0,0,0,1
-0.08493672586598663,-0.5544873301529852,-1.1631834670853884,0.2732312961117543,1.0,1,0,1,0,0,0,1
1.080679984838518,-0.5544873301529852,0.21713274850424347,0.2732312961117543,1.0,1,0,0,0,1,0,0
0.10313467032358066,-0.5544873301529852,0.16953563762184237,0.2732312961117543,1.0,1,1,1,0,0,1,0
-0.2531852658369671,-0.5544873301529852,-0.8300036909085807,0.2732312961117543,1.0,1,0,0,0,1,0,1
-0.1986314549213522,-0.5544873301529852,-0.3064354712021687,0.2732312961117543,1.0,1,0,0,0,0,0,1
-0.37326917995452186,0.3289325532034183,0.2885284148278451,0.2732312961117543,1.0,1,1,0,0,1,0,0
0.47993276373473465,0.7280618617117122,0.49081613607804975,0.2732312961117543,1.0,1,0,0,0,0,0,1
-0.5728083442044286,0.2543736935163506,-0.3064354712021687,0.2732312961117543,1.0,0,0,1,0,0,1,1
-0.32559602987511066,0.40862160965794486,-0.3897304152463706,0.2732312961117543,1.0,0,1,0,0,1,0,1
0.9168547268336684,-0.5544873301529852,-0.7467087468643788,0.2732312961117543,1.0,1,0,0,1,0,1,0
-0.45927744040706786,0.3005454644234797,-0.6634138028201769,0.2732312961117543,1.0,1,1,1,0,1,0,1
-0.07871136606180235,-0.5544873301529852,0.24093130394544401,0.2732312961117543,0.0,1,0,0,0,1,0,1
-0.23123268126431729,-0.5544873301529852,-0.21124124943736644,-2.522835634098531,1.0,1,1,1,0,0,1,0
-0.31183470820270326,-0.18408712354246065,-0.1279463053931645,0.2732312961117543,1.0,1,1,1,0,0,1,1
-0.243519575614681,-0.5544873301529852,-0.2588383603197676,0.2732312961117543,1.0,1,1,1,0,1,0,1
-0.16308137393429986,-0.5544873301529852,-0.3064354712021687,0.2732312961117543,1.0,0,0,1,0,1,0,1
-0.3537739742519448,-0.5544873301529852,-0.7824065800261797,0.2732312961117543,1.0,0,0,0,0,0,1,1
-0.23401771065039972,0.3111478710762278,-1.0798885230411865,0.2732312961117543,1.0,1,0,1,0,0,0,1
-0.4791002966256547,-0.5544873301529852,-1.0322914121587854,0.2732312961117543,1.0,1,0,0,0,0,1,1
-0.32526837935910097,-0.5544873301529852,-0.2231405271579667,0.2732312961117543,1.0,1,0,0,0,1,0,0
0.7530294688288188,-0.5544873301529852,0.8120966345342572,0.2732312961117543,1.0,0,0,0,0,1,0,0
-0.32330247626304276,-0.12697093286475278,-0.21124124943736644,0.2732312961117543,0.0,1,1,0,0,1,0,0
0.39048417286408676,-0.5544873301529852,1.1214778552698643,0.2732312961117543,1.0,1,1,0,1,0,1,1
0.049072335181980314,-0.5544873301529852,-0.1874426939961659,0.2732312961117543,1.0,1,1,1,1,0,0,1
-0.3654055675702891,0.47873429881321494,-0.10414774995196396,0.2732312961117543,1.0,1,1,0,0,0,1,1
-0.2544958679010059,-0.21828843532551925,-0.5444210256141742,0.2732312961117543,1.0,1,1,1,0,1,0,1
-0.8606493225189492,0.06113628194206949,-0.1279463053931645,0.2732312961117543,1.0,1,1,0,0,0,0,0
-0.27464637463560243,0.05258595399630484,-0.1755434162755656,0.2732312961117543,1.0,1,1,0,0,1,0,1
-0.06609682119542892,-0.5544873301529852,-0.8776008017909819,0.2732312961117543,0.0,1,1,0,0,1,0,0
-0.18355953118490606,0.2605299296373011,-0.2231405271579667,0.2732312961117543,1.0,0,1,0,0,1,0,1
-0.5213672131909058,-0.5544873301529852,-1.0203921344381852,0.2732312961117543,0.0,1,1,0,0,0,1,0
-0.22844765187823482,0.03274919316213085,-0.3540325820845698,0.2732312961117543,1.0,1,1,0,0,1,0,1
-0.39849826968726865,0.4000712817121802,-0.020852805907762038,0.2732312961117543,1.0,1,0,0,0,1,0,1
0.3562446939410733,-0.20905408114409343,0.34802480343084646,0.2732312961117543,1.0,1,1,0,0,1,0,1
0.13868475131063301,-0.5544873301529852,-0.21124124943736644,0.2732312961117543,1.0,1,1,0,0,1,0,1
-0.35279102270391566,-0.5544873301529852,0.2885284148278451,0.2732312961117543,1.0,1,1,0,0,0,0,0
-0.10951051456671405,-0.5544873301529852,-0.09224847223136369,0.2732312961117543,1.0,1,1,1,1,0,1,0
0.13868475131063301,0.025224904569857962,0.7644995236518561,0.2732312961117543,1.0,1,1,0,0,1,0,1
-0.10574253363260251,-0.5544873301529852,0.14573708218064182,2.137275916251945,1.0,1,0,0,0,1,0,1
0.16325854001136048,-0.5544873301529852,0.6455067464458534,0.2732312961117543,1.0,1,0,0,1,0,0,1
-0.47713439352959647,0.14800761387103833,-0.49682391473177306,0.2732312961117543,1.0,1,1,0,0,1,0,1
-0.27644845247365574,-0.5544873301529852,-1.2345791334089902,-2.522835634098531,1.0,1,1,0,0,0,0,1
-0.3627843634422115,0.3340627499708771,-0.3064354712021687,0.2732312961117543,1.0,1,0,1,0,0,0,1
0.47993276373473465,-0.5544873301529852,1.5974489640938754,0.2732312961117543,1.0,0,0,0,0,1,0,1
-0.36835442221437636,0.053954006467627186,-0.06844991679016314,0.2732312961117543,1.0,1,1,0,0,1,0,1
0.015815807806995857,-0.12355080168644694,0.2885284148278451,0.2732312961117543,1.0,1,1,0,0,0,0,1
0.05611682127618885,-0.5544873301529852,1.2999670210788685,0.2732312961117543,1.0,1,1,0,0,0,1,0
-0.31789624274888273,-0.5544873301529852,-0.2826369157609681,0.2732312961117543,1.0,0,0,0,1,0,1,1
-0.2607212277051902,-0.5544873301529852,-0.4016296929669709,0.2732312961117543,1.0,0,0,0,0,0,0,1
-0.34214238093360044,-0.5544873301529852,-0.5920181364965753,0.2732312961117543,1.0,1,1,0,0,1,0,1
0.06807606511054286,1.1555782589999446,-0.3064354712021687,0.2732312961117543,1.0,1,1,0,0,0,0,1
-0.47402171362750434,0.12372468250506673,-0.06844991679016314,-2.522835634098531,1.0,1,1,1,0,0,1,0
-0.3994812212352978,1.3953294545991854,0.11003924901884099,-4.386880254238721,1.0,1,0,0,0,0,1,1
0.13868475131063301,-0.1098702769732235,-0.44922680384937197,0.2732312961117543,1.0,1,1,0,1,0,0,1
-0.3272342824551591,0.956184611304713,-0.2707376380403678,0.2732312961117543,1.0,1,1,1,0,1,0,1
0.1059196997096631,0.9274555094069438,-0.3064354712021687,-2.522835634098531,1.0,1,0,0,1,0,1,0
0.7043733672013786,-0.5544873301529852,-0.4016296929669709,0.2732312961117543,1.0,1,1,0,0,0,1,1
0.19733419367636915,-0.5544873301529852,-0.10414774995196396,-2.522835634098531,1.0,1,1,1,0,0,1,1
-0.4130787176497003,0.07584284600878469,-0.2707376380403678,2.137275916251945,1.0,1,1,0,0,1,0,1
-0.5888632194889039,0.08439317395454934,-0.6634138028201769,0.2732312961117543,1.0,1,1,0,0,0,1,1
-0.6119625808675877,0.7759436982079941,0.6574060241664537,0.2732312961117543,0.0,1,1,1,0,1,0,0
-0.3237939520370573,-0.5544873301529852,-0.09224847223136369,0.2732312961117543,1.0,0,0,0,0,0,1,0
-0.4620624697931503,0.18665509618589457,-0.49682391473177306,0.2732312961117543,1.0,1,0,1,1,0,0,1
-0.44928409966877203,1.8741478195620058,1.585549686373275,-2.522835634098531,1.0,1,1,1,0,1,0,1
1.7769373313591283,-0.5544873301529852,0.5503125246810512,0.2732312961117543,0.0,1,0,0,1,0,1,0
-0.3801498407907255,-0.5544873301529852,1.2999670210788685,0.2732312961117543,1.0,0,0,0,0,0,0,1
0.10510057341963885,-0.5544873301529852,-0.36593185980517007,0.2732312961117543,0.0,1,0,1,0,0,0,0
-0.02514050669421653,-0.5544873301529852,-0.6158166919377758,0.2732312961117543,1.0,1,1,0,0,0,1,0
1.5202231520655292,0.1637402172912453,1.8830316293882818,0.2732312961117543,1.0,1,1,0,0,0,0,0
-0.07740076399776355,-0.5544873301529852,-0.21124124943736644,0.2732312961117543,1.0,1,1,1,0,1,0,0
0.11132593322382314,0.8990684206270051,2.192412850123889,0.2732312961117543,1.0,1,1,0,0,0,1,1
-0.5477430797296866,0.20101964713477918,-0.1398455831137648,0.2732312961117543,1.0,1,0,0,0,1,0,1
-0.3149473881047954,-0.5544873301529852,0.11003924901884099,-4.75968917826676,1.0,0,0,0,0,1,0,0
0.2943187464152401,-0.5544873301529852,-0.3064354712021687,0.2732312961117543,1.0,0,0,0,0,0,0,1
-0.0389018283666239,-0.5544873301529852,-0.21124124943736644,0.2732312961117543,1.0,1,0,0,1,1,0,1
-0.21435867968981775,0.6244318870090446,0.06244213813643989,0.2732312961117543,1.0,1,0,0,0,0,0,1
-0.113933796532845,-0.08011513572196252,0.050542860415839615,0.2732312961117543,1.0,1,1,0,0,1,0,1
-0.1753682682846636,0.06489842623820594,0.16953563762184237,0.2732312961117543,0.0,1,1,0,0,0,1,1
-0.32526837935910097,-0.5544873301529852,-0.1279463053931645,0.2732312961117543,1.0,0,0,0,0,0,0,0
-0.41406166919772935,-0.020946866337271143,-0.6634138028201769,0.2732312961117543,1.0,0,0,0,0,0,1,1
-0.3549207510579787,-0.5544873301529852,-1.3773704660561934,0.2732312961117543,1.0,0,0,0,0,0,1,1
0.9407732145023764,-0.5544873301529852,-0.11604702767256424,0.2732312961117543,1.0,1,1,0,0,0,1,1
-0.4211061552919379,0.08063102965841289,-0.235039804878567,0.2732312961117543,1.0,1,0,0,0,0,0,1
-0.4560009352469709,0.20580783078440737,0.050542860415839615,0.2732312961117543,1.0,1,1,0,0,1,0,1
-0.24630460500076343,-0.5544873301529852,-0.6634138028201769,0.2732312961117543,1.0,1,1,0,0,1,0,1
-0.4347036517063404,0.0755008328909541,-0.36593185980517007,0.2732312961117543,1.0,1,1,0,0,1,0,1
-0.2310688560063124,0.5652636176243533,0.7288016904900553,0.2732312961117543,1.0,1,1,0,0,1,0,1
-0.3768733356306285,-0.1098702769732235,-0.7824065800261797,0.2732312961117543,1.0,1,1,0,0,0,1,1
1.5038406262650441,-0.5544873301529852,3.4537362885075185,0.2732312961117543,1.0,1,1,0,0,1,0,1
-0.21353955339979352,-0.5544873301529852,-0.2588383603197676,0.2732312961117543,1.0,0,1,1,0,0,0,1
-0.22123934052602146,0.2752364937040163,0.14573708218064182,0.2732312961117543,0.0,1,0,1,1,0,1,0
-0.2418813230346325,-0.28087683588851653,-0.4016296929669709,0.2732312961117543,1.0,1,1,0,0,1,0,1
-0.5082611925505178,-0.2173308027681536,-0.8062051354673803,-2.522835634098531,1.0,1,1,0,0,0,1,1
-0.5885355689728942,0.015306524152770971,-1.0917878007617867,0.2732312961117543,1.0,0,0,0,0,0,1,1
2.500553495966549,-0.5544873301529852,-0.21124124943736644,0.2732312961117543,1.0,1,1,0,0,0,0,0
-0.3678629464403618,0.4896787185837937,-0.6753130805407772,0.2732312961117543,1.0,1,0,0,0,0,0,1
-0.45927744040706786,0.03274919316213085,-0.5563203033347744,-0.6587910139583409,1.0,0,0,0,1,1,0,0
-0.27841435556971394,0.1295389055081867,-0.3064354712021687,0.2732312961117543,1.0,1,1,0,0,0,0,1
-0.20960774720767714,-0.5544873301529852,-0.36593185980517007,0.2732312961117543,1.0,0,0,0,0,1,0,1
0.6724274418904329,-0.5544873301529852,0.49081613607804975,0.2732312961117543,1.0,1,0,0,0,0,0,1
-0.38146044285476427,0.27181636252571045,-0.08034919451076342,0.2732312961117543,1.0,1,1,0,0,0,0,1
-0.16439197599833866,-0.5544873301529852,-0.2231405271579667,0.2732312961117543,0.0,1,1,0,0,1,0,0
-0.36868207273038606,-0.020946866337271143,-0.1398455831137648,0.2732312961117543,1.0,1,1,0,0,0,1,1
0.0022183113925933443,-0.5544873301529852,-0.032752083628362315,2.137275916251945,0.0,0,0,0,0,0,1,0
-0.49482752139412023,0.5857844046941885,0.31232697026904566,0.2732312961117543,1.0,1,1,0,0,1,0,1
-0.16177077187026107,-0.12697093286475278,-0.4254282484081714,0.2732312961117543,1.0,1,1,0,0,0,1,1
0.24107553756366398,-0.5544873301529852,0.6455067464458534,0.2732312961117543,1.0,1,1,0,0,1,0,1
-0.12081445736904868,-0.5544873301529852,-0.1279463053931645,0.2732312961117543,1.0,0,1,0,0,0,1,1
-0.06609682119542892,0.3145680022545337,0.06244213813643989,2.137275916251945,1.0,0,0,0,0,0,0,0
-0.5552790415979098,0.4459010395014787,-0.3897304152463706,0.2732312961117543,1.0,1,1,0,0,0,1,0
-0.5903376468109476,0.448979157561954,-0.6277159696583761,0.2732312961117543,0.0,1,1,1,0,0,1,0
-0.4142254944557342,0.04403562605054019,-0.4849246370111728,0.2732312961117543,1.0,1,1,1,0,1,0,1
-0.06609682119542892,-0.5544873301529852,-0.16364413855496535,0.2732312961117543,1.0,0,0,0,0,0,0,1
-0.6190070669617962,0.06216232129556125,-0.5920181364965753,0.2732312961117543,1.0,1,1,0,0,0,1,1
-0.2299220792002785,0.3005454644234797,-0.06844991679016314,0.2732312961117543,1.0,1,0,0,0,0,0,1
-0.5575725952099776,-0.5544873301529852,-0.21124124943736644,0.2732312961117543,1.0,1,0,1,0,0,1,0
-0.2689124906054327,0.015306524152770971,-0.1279463053931645,0.2732312961117543,1.0,0,0,0,0,0,0,1
-0.4920424920080378,0.08268310836539641,-0.49682391473177306,0.2732312961117543,0.0,0,0,0,0,0,1,0
2.4294533339924445,-0.5544873301529852,3.9773045082139302,0.2732312961117543,1.0,1,0,0,0,0,0,0
0.37082514190350485,-0.5544873301529852,0.4670175806368492,0.2732312961117543,1.0,1,1,1,0,0,0,1
-0.40734483361953056,-0.5544873301529852,-0.7348094691437785,0.2732312961117543,1.0,0,0,0,0,1,0,1
-0.40570658103948204,0.268054218229574,-0.41352897068757116,0.2732312961117543,1.0,1,0,1,0,1,0,1
-0.4745131894015189,-0.5544873301529852,-1.0679892453205864,0.2732312961117543,1.0,0,0,0,0,0,0,1
0.05611682127618885,-0.5544873301529852,-0.020852805907762038,-4.014071330210683,1.0,1,1,0,1,0,0,1
-0.48008324817368375,0.07584284600878469,0.15763635990124208,0.2732312961117543,1.0,0,1,0,0,0,0,0
-0.3283810592611931,0.006414183089175735,-0.41352897068757116,-2.522835634098531,1.0,1,1,1,0,0,1,1
-0.2762846272156509,-0.5544873301529852,-0.3064354712021687,0.2732312961117543,1.0,1,1,0,0,1,0,1
-0.5480707302456963,0.17536866329748524,-0.6872123582613775,0.2732312961117543,1.0,1,1,0,0,0,1,1
-0.30511787262450446,-0.5544873301529852,-0.4016296929669709,0.2732312961117543,1.0,0,0,0,0,1,0,1
0.7530294688288188,-0.5544873301529852,0.11003924901884099,0.2732312961117543,1.0,1,1,0,1,0,0,0
-0.4920424920080378,0.18665509618589457,-0.36593185980517007,0.2732312961117543,1.0,1,1,0,0,1,0,1
-0.17389384096261995,-0.48984685088300456,-0.2588383603197676,0.2732312961117543,1.0,1,1,0,0,1,0,1
-0.2952883571442135,-0.010686472802353563,-0.21124124943736644,0.2732312961117543,1.0,1,1,1,0,0,0,1
-0.36655234437632306,0.46642182657131387,-0.16364413855496535,0.2732312961117543,1.0,0,0,0,0,0,0,1
1.5721557588530664,-0.5544873301529852,1.835434518505881,0.2732312961117543,1.0,1,1,0,0,0,0,1
0.5344865746503495,1.1497640359968246,2.7397796252715017,0.2732312961117543,0.0,1,1,0,1,0,0,0
-0.07969431760983144,-0.5544873301529852,-0.1874426939961659,0.2732312961117543,0.0,1,0,0,0,0,0,1
0.06791223985253801,0.18426100436108045,0.45511830291624894,0.2732312961117543,1.0,1,1,0,1,1,0,1
-0.1753682682846636,0.283786821649781,-0.4254282484081714,0.2732312961117543,1.0,0,1,0,0,0,1,0
-0.4756599662075528,-0.5544873301529852,-0.9370971903939832,0.2732312961117543,1.0,0,0,0,0,0,1,1
-0.16701318012641625,0.05874219011725539,-0.3421333043639695,0.2732312961117543,1.0,1,0,0,0,0,1,1
-0.4043959789754432,-0.5544873301529852,-0.5682195810553747,0.2732312961117543,1.0,1,0,0,0,1,0,1
-0.4211061552919379,-0.5544873301529852,-0.8895000795115822,0.2732312961117543,1.0,1,0,0,0,0,1,1
9.49097725503348,-0.5544873301529852,4.096297285419933,-2.522835634098531,1.0,1,1,0,0,0,1,1
0.725670650742009,0.07242271483047882,0.43131974747504837,-2.522835634098531,1.0,0,1,0,1,0,1,1
0.016307283581010405,0.9811515689063458,-0.9013993572321825,0.2732312961117543,1.0,1,1,0,1,1,0,1
-0.02514050669421653,-0.31918230508554213,0.16953563762184237,0.2732312961117543,1.0,1,1,0,0,0,0,1
-0.4756599662075528,1.0187730118677103,0.35992408115144675,0.2732312961117543,1.0,1,1,0,1,0,0,1
-0.5854228890708021,-0.5544873301529852,-0.21124124943736644,0.2732312961117543,0.0,0,0,1,0,0,1,0
-0.20371003791950254,-0.5544873301529852,-0.8895000795115822,0.2732312961117543,1.0,0,0,0,0,1,0,1
-0.45157765328083993,-0.01171251215584532,0.3242262479896459,0.2732312961117543,1.0,1,1,1,0,0,0,0
-0.49564664768414446,-0.5544873301529852,-1.186982022526589,0.2732312961117543,1.0,0,0,0,0,0,0,0
-0.13916288626559184,-0.13415320833919508,0.14573708218064182,0.2732312961117543,1.0,1,1,1,0,0,1,1
-0.3654055675702891,-0.5544873301529852,-0.8538022463497813,0.2732312961117543,1.0,1,1,1,0,1,0,1
-0.4620624697931503,0.24240323439228006,-0.24693908259916728,0.2732312961117543,1.0,1,1,0,0,0,0,1
-0.47582379146555764,0.28618091347459507,0.16953563762184237,0.2732312961117543,1.0,1,1,0,0,1,0,1
-0.30806672726859174,0.5502150404398075,0.07434141585704017,0.2732312961117543,0.0,1,1,1,0,0,0,0
-0.3801498407907255,0.18699710930372515,-0.235039804878567,0.2732312961117543,1.0,1,1,1,0,0,1,1
0.15228224772503554,1.0129587888645903,1.3475641319612697,0.2732312961117543,1.0,1,1,0,0,1,0,1
-0.4551818089569466,1.5830946562881771,0.49081613607804975,0.2732312961117543,1.0,1,1,0,0,0,0,1
0.6028017072383718,-0.5544873301529852,0.9786865226226611,0.2732312961117543,1.0,1,1,0,0,1,0,1
0.548247896322757,0.8706813318470665,1.930628740270683,0.2732312961117543,1.0,1,0,0,0,0,0,0
-0.4484649733787478,0.15792599428812534,-0.6039174142171756,0.2732312961117543,1.0,1,1,0,0,0,0,1
0.015815807806995857,-0.5544873301529852,-0.4849246370111728,0.2732312961117543,0.0,0,1,0,1,0,0,0
-0.4882745110739262,-0.3817707056485394,-0.1874426939961659,0.2732312961117543,1.0,0,1,0,0,1,0,1
-0.26055740244718534,-0.5544873301529852,-0.3540325820845698,-2.522835634098531,1.0,0,0,0,0,0,1,1
0.47993276373473465,0.5286682140164806,0.22903202622484373,0.2732312961117543,1.0,1,1,0,0,0,0,1
-0.25040023645088466,-0.5544873301529852,-0.9370971903939832,0.2732312961117543,1.0,1,1,0,0,0,1,0
-0.393747337205128,0.015306524152770971,-0.5444210256141742,2.137275916251945,0.0,1,1,1,0,0,1,0
-0.038738003108619044,0.5286682140164806,0.6455067464458534,0.2732312961117543,1.0,1,1,0,0,1,0,1
-0.11147641766277225,-0.5544873301529852,-0.7705073023055794,0.2732312961117543,1.0,0,0,0,0,1,0,0
-0.06609682119542892,0.6996747729317736,1.0738807443874632,0.2732312961117543,1.0,1,1,0,0,1,0,1
-0.10705313569664131,0.24342927374577183,-0.1874426939961659,0.2732312961117543,1.0,1,1,0,0,0,1,1
-0.39161760885106495,0.482838456227182,-0.6039174142171756,-0.6587910139583409,1.0,1,1,0,0,0,1,1
0.23239279888940698,-0.5544873301529852,-0.05655063906956286,0.2732312961117543,1.0,1,0,0,1,0,0,1
0.13311469253846814,-0.5544873301529852,-0.15174486083436506,0.2732312961117543,1.0,1,0,1,0,0,0,0
-0.4756599662075528,-0.5544873301529852,-0.5920181364965753,2.137275916251945,1.0,1,0,0,0,1,0,0
-0.04578248920282758,-0.5544873301529852,-0.2588383603197676,0.2732312961117543,0.0,1,0,0,0,0,0,0
0.15097164566099674,-0.5544873301529852,0.34802480343084646,0.2732312961117543,1.0,1,1,0,0,1,0,1
2.347049229216005,1.2465537483428806,5.048239503067955,0.2732312961117543,1.0,1,1,0,0,0,0,0
1.6964991296787473,-0.5544873301529852,-1.0798885230411865,0.2732312961117543,1.0,0,0,0,1,1,0,1
-0.03578914846453175,-0.5544873301529852,0.11003924901884099,0.2732312961117543,1.0,1,1,0,0,1,0,1
0.6421197691595357,2.1381819465272183,2.787376736153903,-0.6587910139583409,1.0,1,1,0,1,0,0,1
-0.3835901712088273,0.1250927349763891,-0.41352897068757116,-2.522835634098531,0.0,1,0,0,0,0,1,0
-0.4324100980942725,-0.055490191238160326,-0.4254282484081714,0.2732312961117543,1.0,0,0,0,0,0,1,1
-0.09607684341031639,-0.2388092223953544,-0.3064354712021687,-2.522835634098531,1.0,1,1,0,0,0,1,1
0.548247896322757,1.1542102065286222,-0.1874426939961659,0.2732312961117543,1.0,1,1,0,0,0,0,1
-0.17913624921877513,-0.5544873301529852,-0.1874426939961659,0.2732312961117543,1.0,1,1,0,0,1,0,1
-0.3824433944027934,-0.5544873301529852,-0.8895000795115822,2.137275916251945,1.0,1,0,0,0,0,1,0
-0.0020411453155327443,-0.5544873301529852,-0.1874426939961659,0.2732312961117543,1.0,1,1,0,0,0,1,1
-0.33919352628951316,0.3005454644234797,-0.21124124943736644,0.2732312961117543,1.0,1,1,0,0,1,0,1
0.08806274658713452,0.8929121845060546,1.7878374076234798,0.2732312961117543,1.0,1,0,0,0,1,0,1
0.09772843680942063,-0.5544873301529852,0.12193852673944126,0.2732312961117543,1.0,0,0,0,0,0,1,1
0.28891251290108005,-0.5544873301529852,-0.21124124943736644,0.2732312961117543,1.0,1,0,0,1,0,1,1
-0.13719698316953363,-0.5544873301529852,-0.5444210256141742,0.2732312961117543,1.0,1,1,0,0,0,1,0
-0.2844758901158934,-0.5544873301529852,-0.3897304152463706,-2.522835634098531,1.0,1,0,0,0,0,1,1
-0.5008890559402996,-0.007266341624047704,-0.16364413855496535,0.2732312961117543,1.0,1,0,1,0,1,0,1
-0.39210908462507954,0.5180658073637324,-0.21124124943736644,0.2732312961117543,0.0,1,1,1,0,0,1,0
-0.5030187842943626,0.272158375643541,-0.11604702767256424,0.2732312961117543,1.0,1,1,0,0,0,1,1
0.013849904710937663,-0.5544873301529852,-0.24693908259916728,0.2732312961117543,1.0,1,1,0,0,0,0,1
0.6165630289107792,-0.5544873301529852,0.4670175806368492,0.2732312961117543,1.0,1,0,0,0,0,0,1
0.6717721408584135,-0.5544873301529852,1.537952575490874,0.2732312961117543,1.0,1,1,0,0,0,0,1
-0.4620624697931503,0.1688704140587041,-0.3064354712021687,0.2732312961117543,1.0,1,1,0,0,0,1,1
-0.5587193720160115,0.0012839863217169456,-0.3897304152463706,-2.522835634098531,1.0,1,1,1,0,1,0,1
-0.37736481140464306,-0.0756689651901649,-0.3897304152463706,0.2732312961117543,1.0,1,1,0,0,0,1,1
-0.3485315659957896,-0.38895298112298166,-0.1279463053931645,0.2732312961117543,1.0,1,1,0,0,1,0,1
-0.36425879076425516,-0.5544873301529852,-0.8895000795115822,0.2732312961117543,0.0,0,0,0,0,0,1,0
-0.38834110369096797,-0.055490191238160326,-0.6039174142171756,0.2732312961117543,1.0,1,1,0,0,0,1,1
-0.24597695448475373,0.015306524152770971,-0.4373275261287717,0.2732312961117543,1.0,1,0,1,0,0,0,1
-0.6394852242124024,0.06113628194206949,-0.5087231924523733,0.2732312961117543,0.0,0,0,0,0,1,0,0
-0.4119319408436663,-0.5544873301529852,-1.1988813002471892,-2.522835634098531,0.0,1,1,1,0,0,1,0
-0.43388452541631617,-0.5544873301529852,-0.9608957458351838,-0.6587910139583409,1.0,1,0,1,0,0,0,0
-0.4756599662075528,6.285775026458735,-0.5087231924523733,0.2732312961117543,1.0,1,0,0,0,1,0,1
-0.563634129756157,-0.5544873301529852,-1.1036870784823871,0.2732312961117543,1.0,0,0,1,0,1,0,1
0.33380063359440887,-0.5544873301529852,0.5741110801222516,0.2732312961117543,1.0,0,0,0,1,0,0,0
-0.1403096630716258,-0.5544873301529852,-0.36593185980517007,0.2732312961117543,1.0,0,0,0,0,1,0,1
-0.5302137771231678,0.26634415264042105,-0.36593185980517007,0.2732312961117543,1.0,1,1,1,0,0,1,1
-0.5226778152549446,-0.5544873301529852,-0.9489964681145835,0.2732312961117543,1.0,0,0,1,0,0,0,1
0.4745265302205746,-0.5544873301529852,0.07434141585704017,-0.6587910139583409,0.0,1,1,0,0,1,0,0
12.384622787173136,-0.5544873301529852,2.5493911817418975,0.2732312961117543,0.0,1,1,0,0,0,0,0
-0.2517108385149235,-0.5544873301529852,-0.9965935789969846,0.2732312961117543,1.0,0,0,1,1,1,0,0
0.13966770285866212,-0.5544873301529852,0.16953563762184237,0.2732312961117543,1.0,1,1,0,0,0,1,1
0.11345566157788618,-0.5544873301529852,0.8596937454166583,0.2732312961117543,0.0,1,1,1,0,0,0,0
-0.5161248049347507,0.14082533839659603,-0.4254282484081714,0.2732312961117543,1.0,1,1,1,0,0,0,1
-0.533162631767255,0.5526091322646216,0.38372263659264727,0.2732312961117543,0.0,0,1,1,0,1,0,0
-0.3945664634951523,-0.5544873301529852,-1.0203921344381852,0.2732312961117543,1.0,0,0,0,0,0,1,1
-0.45927744040706786,-0.5544873301529852,0.16953563762184237,0.2732312961117543,1.0,0,0,0,0,0,1,0
-0.6231026984119175,6.285775026458735,1.1095785775492641,0.2732312961117543,1.0,1,1,0,1,0,1,0
-0.7173022217647059,0.39391504559122964,-0.4016296929669709,0.2732312961117543,1.0,1,1,0,0,0,0,1
-0.3534463237359351,-0.06985474218704495,-0.09224847223136369,0.2732312961117543,1.0,1,1,0,0,1,0,1
0.06971431769059136,-0.5544873301529852,-0.09224847223136369,0.2732312961117543,1.0,1,1,0,0,0,0,1
-0.4396184094464859,-0.5544873301529852,-0.7824065800261797,0.2732312961117543,0.0,0,0,1,0,0,1,0
-0.5870611416508505,0.03343321939779203,-0.5444210256141742,0.2732312961117543,1.0,1,1,0,0,0,1,1
0.3025100093154826,0.015648537270601556,-0.4254282484081714,0.2732312961117543,0.0,1,1,0,0,0,1,0
1.5524967278924844,-0.5544873301529852,-0.5920181364965753,0.2732312961117543,1.0,1,1,0,0,1,0,1
-0.4484649733787478,0.9161690765185344,-0.2945361934815684,0.2732312961117543,1.0,1,1,0,0,0,0,1
-0.13064397284933965,-0.5544873301529852,-0.7705073023055794,0.2732312961117543,1.0,0,0,1,0,0,0,0
0.08707979503910541,-0.5544873301529852,-0.15174486083436506,0.2732312961117543,1.0,1,1,0,0,1,0,1
-0.40685335784551596,-0.5489740784062651,-0.6991116359819778,0.2732312961117543,1.0,1,1,0,0,0,0,1
-0.44010988522050043,-0.5544873301529852,-1.0203921344381852,-2.522835634098531,1.0,1,0,1,0,0,1,1
0.5276059138141459,-0.5544873301529852,0.050542860415839615,0.2732312961117543,1.0,0,0,0,1,1,0,1
0.1796410658118454,-0.5544873301529852,-0.4849246370111728,0.2732312961117543,0.0,1,0,0,0,0,0,0
1.2241909108507663,-0.5544873301529852,3.0848586791689097,0.2732312961117543,1.0,1,0,0,0,1,0,1
-0.48794686055791653,0.24582336557058593,-0.032752083628362315,0.2732312961117543,1.0,1,1,0,0,1,0,1
-0.27087839370149086,-0.5544873301529852,-0.5444210256141742,0.2732312961117543,1.0,1,0,0,0,0,1,1
0.7607292559550467,-0.5544873301529852,-0.21124124943736644,-1.590813324028436,1.0,0,0,0,0,1,0,1
-0.5696956643023364,0.07857895095142937,-1.1393849116441879,0.2732312961117543,1.0,1,0,0,0,1,0,1
-0.5226778152549446,-0.16972257259357604,-0.21124124943736644,0.2732312961117543,1.0,1,1,0,0,0,1,1
0.8211807761588362,-0.5544873301529852,0.49081613607804975,0.2732312961117543,0.0,1,0,0,1,0,1,0
0.28481688145095885,-0.5544873301529852,-0.09224847223136369,0.2732312961117543,1.0,0,1,1,1,0,0,1
-0.28562266692192734,1.1774670985411022,0.49081613607804975,0.2732312961117543,1.0,1,0,0,0,1,0,1
0.4091602522766396,0.07242271483047882,0.40752119203384785,0.2732312961117543,1.0,1,1,0,0,0,0,1
-0.11409762179084984,0.1271448136833726,0.026744304974639064,0.2732312961117543,1.0,1,0,1,0,1,0,1
5.294101795465244,-0.5544873301529852,0.07434141585704017,0.2732312961117543,1.0,1,0,0,0,1,0,1
0.3161075057298851,2.2955079807292877,0.34802480343084646,-0.6587910139583409,1.0,1,1,0,0,0,0,1
-0.31740476697486814,-0.14065145757797623,-0.1874426939961659,0.2732312961117543,1.0,1,1,0,1,0,0,1
-0.12310801098111657,-0.5544873301529852,-0.4254282484081714,0.2732312961117543,1.0,1,1,1,0,0,0,1
-0.30544552314051415,-0.08387728001809897,-1.0798885230411865,0.2732312961117543,1.0,1,1,0,0,0,0,0
-0.33804674948347924,0.030355101337316753,0.050542860415839615,0.2732312961117543,0.0,1,1,0,0,0,0,0
-0.43159097180424827,-0.027103102458221694,0.5265139692398506,0.2732312961117543,1.0,1,0,1,1,1,0,0
-0.5069505904864791,-0.12526086727559985,-0.24693908259916728,0.2732312961117543,0.0,1,1,1,0,0,0,0
-0.5644532560461812,-0.05651623059165209,-1.0203921344381852,-0.6587910139583409,1.0,1,1,1,0,0,1,1
-0.23844099261653065,0.03822140304742023,0.03864358269523934,0.2732312961117543,0.0,1,1,0,0,0,0,0
-0.47844499559363524,0.28891701841723977,-0.6634138028201769,-2.522835634098531,0.0,1,1,0,0,0,0,1
0.2754788417446824,-0.5544873301529852,-0.7348094691437785,0.2732312961117543,1.0,1,0,0,1,1,0,1
-0.25302144057896225,-0.5544873301529852,-0.5920181364965753,0.2732312961117543,1.0,1,1,0,0,1,0,1
-0.18061067654081878,-0.5544873301529852,-0.3302340266433692,0.2732312961117543,1.0,1,1,0,0,0,1,1
-0.27775905453769456,0.3241443695537901,0.3242262479896459,0.2732312961117543,1.0,1,1,0,0,0,1,0
-0.17192793786656174,-0.5544873301529852,-0.11604702767256424,0.2732312961117543,1.0,1,0,0,0,0,0,1
0.4800965889927395,-0.5544873301529852,0.16953563762184237,0.2732312961117543,1.0,1,1,0,0,1,0,0
-0.543975098795575,0.8419522299492973,0.16953563762184237,0.2732312961117543,1.0,0,1,0,1,1,0,1
0.38278438573785883,-0.5544873301529852,-0.21124124943736644,-2.522835634098531,1.0,1,1,0,0,0,1,1
-0.39128995833505525,0.19383737166033688,0.08624069357764044,0.2732312961117543,1.0,1,1,0,0,0,0,1
-0.034806196916502656,-0.5544873301529852,-0.16364413855496535,0.2732312961117543,1.0,0,0,1,0,1,0,1
-0.20272708637147344,-0.5544873301529852,-0.5682195810553747,0.2732312961117543,0.0,1,0,0,0,1,0,0
0.09772843680942063,-0.5544873301529852,-0.06844991679016314,0.2732312961117543,1.0,1,0,0,0,0,0,1
-0.40243007587938506,0.0146224979171098,-0.9013993572321825,-2.522835634098531,0.0,1,1,1,0,0,1,0
1.8493480953972719,-0.5544873301529852,-0.4254282484081714,0.2732312961117543,1.0,0,1,0,0,1,0,1
-0.8508198070386582,0.44316493455883404,-0.5682195810553747,0.2732312961117543,1.0,0,1,1,0,1,0,1
-0.1753682682846636,0.283786821649781,-0.4254282484081714,0.2732312961117543,1.0,1,1,0,0,0,1,0
-0.3200259711029457,0.156557941816803,0.19333419306304292,0.2732312961117543,1.0,1,1,0,1,1,0,1
-0.4505947017328108,-0.0414676534071063,-0.3897304152463706,-2.522835634098531,0.0,1,1,1,0,0,0,0
-0.11671882591892743,-0.5544873301529852,-0.5444210256141742,0.2732312961117543,1.0,1,1,0,0,1,0,1
-0.4756599662075528,-0.5544873301529852,-0.6277159696583761,0.2732312961117543,1.0,0,0,0,1,0,1,1
0.021058216063151045,1.0351896415235784,0.19333419306304292,0.2732312961117543,1.0,1,0,0,0,0,0,1
1.821989277310462,-0.20768602867277108,0.050542860415839615,0.2732312961117543,1.0,1,1,0,1,0,0,1
0.21240611741281532,0.04403562605054019,1.0024850780638617,-0.6587910139583409,1.0,1,1,0,0,1,0,1
-0.4145531449717439,0.08576122642587168,-0.16364413855496535,0.2732312961117543,0.0,0,1,0,0,1,0,0
1.8452524639471506,0.2150421849658332,-0.711010913702578,0.2732312961117543,1.0,1,1,0,1,1,0,1
-0.40243007587938506,-0.006240302270555946,-0.21124124943736644,0.2732312961117543,1.0,1,1,0,0,0,1,0
-0.17258323889858115,-0.5544873301529852,0.09813997129824072,0.2732312961117543,1.0,0,0,1,0,0,0,1
-0.3781839376946673,-0.5544873301529852,-0.3897304152463706,0.2732312961117543,1.0,1,1,1,0,0,0,1
-0.543975098795575,0.5228539910133606,-0.21124124943736644,0.2732312961117543,1.0,1,1,0,0,1,0,1
0.8894959087468585,-0.5544873301529852,1.0500821889462626,0.2732312961117543,1.0,1,1,0,0,1,0,1
0.47993276373473465,-0.5544873301529852,1.192873521593466,0.2732312961117543,1.0,1,1,0,0,1,0,1
-0.5644532560461812,0.2786566248823222,-0.1755434162755656,0.2732312961117543,1.0,1,1,1,0,0,0,1
-0.30413492107647533,-0.5544873301529852,-0.7824065800261797,0.2732312961117543,0.0,1,0,0,0,0,0,0
2.1181853437832303,-0.5544873301529852,4.215290062625936,0.2732312961117543,1.0,1,1,0,0,0,1,0
-0.1344119537834512,0.15792599428812534,0.16953563762184237,0.2732312961117543,1.0,1,1,0,1,1,0,1
-0.486308607977868,-0.5544873301529852,-0.841902968629181,0.2732312961117543,1.0,1,0,0,0,0,1,0
-0.44305873986458777,0.39801920300519666,-0.5920181364965753,0.2732312961117543,1.0,1,0,1,0,1,0,1
-0.011543010279814019,-0.16767049388659253,0.47891685835744946,0.2732312961117543,1.0,1,1,1,0,0,1,1
-0.280544083923777,-0.5544873301529852,-0.4254282484081714,0.2732312961117543,1.0,1,0,1,0,0,0,1
1.942892317718041,-0.5544873301529852,0.9429886894608602,0.2732312961117543,1.0,0,0,1,1,1,0,1
-0.29594365817623286,0.1832349650075887,-0.3183347489227689,0.2732312961117543,0.0,1,1,0,0,0,0,0
-0.3403403030955471,-0.24222935357366027,-0.4849246370111728,-4.014071330210683,1.0,0,1,0,0,1,0,1
-0.45927744040706786,0.026934970159010894,-0.46112608156997226,0.2732312961117543,1.0,1,1,1,0,0,0,1
-0.12753129294724752,0.42264414748899887,-0.41352897068757116,-5.132498102294798,1.0,1,1,0,0,0,1,1
-0.4109489892956372,-0.5544873301529852,-0.6039174142171756,0.2732312961117543,1.0,1,1,0,1,1,0,1
0.14409098482479307,0.9558425981868824,0.7526002459312559,0.2732312961117543,0.0,1,0,0,0,0,0,0
-0.7795558198065486,0.7051469828170629,-0.3897304152463706,2.137275916251945,1.0,0,0,0,0,0,0,1
-0.367699121182357,-0.5544873301529852,-0.5444210256141742,0.2732312961117543,1.0,0,0,0,0,1,0,1
-0.08821323102608362,1.3689944445262303,0.7407009682106556,0.2732312961117543,1.0,1,1,0,0,1,0,1
-0.221730816300036,1.2588662205847816,-0.09224847223136369,0.2732312961117543,1.0,1,1,1,0,0,0,0
-0.2603935771891805,-0.04728187641022626,-0.2588383603197676,-0.6587910139583409,1.0,1,1,1,0,1,0,1
-0.3101964556226548,0.9558425981868824,1.157175688431665,0.2732312961117543,1.0,1,1,0,0,0,0,1
2.5277484887953543,1.7257141264235314,3.9773045082139302,0.2732312961117543,1.0,1,1,0,0,0,1,1
-0.29823721178830076,-0.5544873301529852,-0.5920181364965753,0.2732312961117543,1.0,0,0,0,0,0,1,0
-0.4791002966256547,0.4759981938705703,0.50271541379865,0.2732312961117543,1.0,1,1,0,1,0,1,1
1.2874274604406382,-0.5544873301529852,-1.2583776888501907,0.2732312961117543,1.0,0,0,0,0,0,1,1
-0.295779832918228,-0.11431644750502112,-0.5444210256141742,0.2732312961117543,1.0,1,0,1,0,0,0,0
0.10837707857973584,0.13090695797950905,1.2404706324758672,0.2732312961117543,1.0,1,1,0,0,1,0,1
-0.3473847891897556,0.14150936463225722,0.026744304974639064,0.2732312961117543,1.0,1,1,0,0,0,1,1
-0.5362753116693472,1.725372113305701,-0.9013993572321825,-2.522835634098531,1.0,1,1,0,0,1,0,0
0.06742076407852346,0.6993327598139429,1.966326573432484,0.2732312961117543,1.0,1,0,0,0,0,0,0
-0.31740476697486814,0.6179336377702636,0.050542860415839615,0.2732312961117543,1.0,1,1,0,0,0,0,1
-0.5524940122118273,0.0036780781465310477,-0.3897304152463706,2.137275916251945,1.0,0,1,0,0,1,0,1
-0.38162426811276917,0.06113628194206949,-0.2707376380403678,0.2732312961117543,0.0,1,1,1,0,1,0,0
-0.11802942798296623,0.10046779049258688,0.4670175806368492,0.2732312961117543,1.0,1,0,0,0,1,0,0
-0.32821723400318825,-0.5544873301529852,-0.6039174142171756,0.2732312961117543,1.0,0,0,1,0,0,0,0
-0.5261181456730465,0.041299521107895504,-1.1988813002471892,0.2732312961117543,1.0,1,1,1,0,1,0,1
-0.4756599662075528,-0.5544873301529852,-1.0798885230411865,0.2732312961117543,1.0,1,0,0,0,1,0,1
0.044812878473854234,-0.06746065036223084,-0.5444210256141742,0.2732312961117543,1.0,1,1,0,1,0,0,1
0.41686003940286753,1.8963786722209939,3.9773045082139302,0.2732312961117543,1.0,1,1,0,1,0,0,1
-0.11852090375698078,0.1592940467594477,-0.21124124943736644,0.2732312961117543,1.0,1,0,0,0,1,0,0
1.9817189038651903,-0.5544873301529852,3.0253622905659086,0.2732312961117543,1.0,1,1,0,1,0,0,1
-0.26678276225136965,-0.5544873301529852,-0.4254282484081714,0.2732312961117543,1.0,1,1,0,0,1,0,1
-0.0194066226640468,-0.06540857165524733,0.18143491534244263,0.2732312961117543,0.0,1,1,1,0,1,0,1
-0.44633524502468475,-0.10918625073756233,-0.6158166919377758,0.2732312961117543,1.0,1,0,1,0,1,0,1
0.22600361382721784,-0.5544873301529852,-0.1874426939961659,0.2732312961117543,1.0,1,0,1,0,1,0,1
-0.7173022217647059,1.3265848179152375,0.8358951899754578,0.2732312961117543,1.0,1,1,0,0,0,0,1
-0.18388718170091578,-0.5544873301529852,-0.5444210256141742,0.2732312961117543,1.0,1,1,0,0,0,1,1
-0.29741808549827653,-0.5544873301529852,-0.4254282484081714,0.2732312961117543,0.0,1,0,0,0,0,0,0
0.9578110413348808,-0.5544873301529852,0.5979096355634522,0.2732312961117543,1.0,1,0,0,0,1,0,0
2.0906627004384153,-0.5544873301529852,-0.24693908259916728,0.2732312961117543,1.0,0,0,1,1,0,1,1
-0.46746870330731033,0.1439034564570713,-0.235039804878567,0.2732312961117543,1.0,1,0,1,0,0,0,1
0.11951719612406562,0.7814159080932835,2.1210171838002876,0.2732312961117543,1.0,1,1,0,0,0,1,1
-0.2926671530161359,-0.5544873301529852,-0.46112608156997226,0.2732312961117543,1.0,1,0,0,0,1,0,1
-0.40734483361953056,-0.37116829899579123,-0.9489964681145835,0.2732312961117543,1.0,1,1,1,0,0,0,0
0.16604356939744291,-0.5544873301529852,0.13383780446004154,-2.522835634098531,1.0,1,1,0,0,0,0,1
-0.13031632233332996,0.41853999007503184,-0.06844991679016314,-2.522835634098531,1.0,0,1,0,0,1,0,1
-0.5349647096053084,-0.5544873301529852,-0.5563203033347744,0.2732312961117543,0.0,0,0,0,0,1,0,0
-0.28693326898596616,-0.5544873301529852,-0.6039174142171756,0.2732312961117543,1.0,0,0,0,0,1,0,1
-0.5184183585468185,0.30875377925141373,-0.21124124943736644,0.2732312961117543,1.0,1,1,1,0,0,1,1
-0.39096230781904556,-0.3277326330313068,-0.5206224701729736,0.2732312961117543,1.0,0,1,1,0,1,0,1
-0.4317547970622531,0.1124382496166574,0.11003924901884099,0.2732312961117543,1.0,1,1,0,0,0,0,1
-0.3350978948393919,-0.5544873301529852,-0.7824065800261797,-4.75968917826676,1.0,1,0,1,0,1,0,0
-0.47140050949942675,0.05532205893894953,-0.008953528187161764,0.2732312961117543,1.0,1,0,0,0,0,0,1
-0.06609682119542892,-0.5544873301529852,-0.5087231924523733,0.2732312961117543,0.0,0,0,0,0,1,0,0
-0.4289697676761707,0.13501111539347607,-0.4254282484081714,0.2732312961117543,1.0,1,1,0,0,0,0,1
0.20142982512649038,-0.5544873301529852,-0.21124124943736644,0.2732312961117543,0.0,1,1,0,1,0,0,0
-0.4769705682715916,0.2577938246946564,-0.21124124943736644,0.2732312961117543,1.0,1,1,1,0,0,0,1
-0.33919352628951316,0.5570553027964192,0.14573708218064182,0.2732312961117543,1.0,1,1,0,0,0,1,1
-0.4831959280757759,0.24342927374577183,0.41942046975444813,0.2732312961117543,0.0,1,1,1,0,0,1,0
-0.29659895920825224,0.9045406305122945,-0.16364413855496535,-2.522835634098531,0.0,1,1,0,0,0,0,0
0.010573399550840672,-0.20152979255182052,-1.4249675769385945,0.2732312961117543,1.0,1,1,0,0,1,0,1
-0.44830114812074295,0.0012839863217169456,-0.7348094691437785,0.2732312961117543,1.0,0,0,0,0,0,1,1
0.7758011796914929,-0.5544873301529852,1.3594634096818698,0.2732312961117543,1.0,1,1,0,1,1,0,1
-0.24843433335482648,0.3583456813368487,0.19333419306304292,0.2732312961117543,1.0,1,1,0,0,1,0,1
-0.20043353275940556,0.23419491956434602,0.43131974747504837,0.2732312961117543,1.0,0,1,0,0,1,0,1
-0.2831652880518546,-0.4717201556379835,-0.44922680384937197,0.2732312961117543,1.0,1,1,1,0,1,0,1
2.3067482157468118,-0.5544873301529852,5.405217834685963,0.2732312961117543,1.0,0,1,0,1,1,0,1
0.08511389194304722,0.14800761387103833,0.7763988013724563,0.2732312961117543,1.0,1,1,0,0,0,0,1
0.06496338520845073,-0.5544873301529852,-0.16364413855496535,0.2732312961117543,1.0,1,0,1,1,1,0,1
0.5562753339649945,-0.5544873301529852,1.3356648542406693,0.2732312961117543,0.0,1,1,0,0,0,1,0
-0.15341568371201375,-0.5544873301529852,-0.3064354712021687,0.2732312961117543,1.0,1,1,1,0,0,0,1
-0.33919352628951316,-0.5544873301529852,-0.9013993572321825,0.2732312961117543,1.0,1,0,0,0,0,1,1
-0.32821723400318825,0.3005454644234797,-0.2707376380403678,0.2732312961117543,0.0,1,1,0,0,0,0,0
-0.49564664768414446,-0.5544873301529852,-1.627255298188799,0.2732312961117543,1.0,0,0,0,0,0,1,0
-0.36655234437632306,0.1514277450493442,-0.49682391473177306,0.2732312961117543,0.0,1,1,0,0,0,1,0
-0.3254322046171058,0.04403562605054019,0.47891685835744946,0.2732312961117543,1.0,1,1,0,0,0,1,1
-0.047093091266866366,-0.058226296180805014,0.22903202622484373,0.2732312961117543,0.0,1,1,0,0,0,1,0
1.8450886386891459,-0.5544873301529852,1.537952575490874,0.2732312961117543,1.0,1,1,0,0,0,1,1
0.11820659406002683,0.0012839863217169456,0.49081613607804975,2.137275916251945,1.0,1,1,1,0,1,0,0
0.16424149155938955,-0.5544873301529852,0.050542860415839615,0.2732312961117543,1.0,1,1,0,0,1,0,0
-0.367699121182357,-0.39681928283308515,-0.44922680384937197,-4.014071330210683,1.0,1,1,0,0,0,1,1
-0.3794945397587061,0.20136166025260976,-0.11604702767256424,0.2732312961117543,0.0,0,1,0,0,1,0,0
-0.35623135312201754,0.38228659958498973,-0.4254282484081714,0.2732312961117543,1.0,1,0,0,0,0,1,1
-0.5932865014550348,0.20888594884488265,-0.46112608156997226,0.2732312961117543,1.0,1,1,0,0,0,0,1
-0.36393114024824547,0.44316493455883404,0.18143491534244263,0.2732312961117543,1.0,1,0,0,0,0,1,1
0.1861940761320394,-0.5544873301529852,0.7050031350488547,0.2732312961117543,1.0,1,1,0,0,1,0,1
-0.5844399375227729,11.018210537880554,-0.6634138028201769,0.2732312961117543,1.0,1,0,0,0,0,1,0
-0.36655234437632306,-0.5544873301529852,-1.3059747997325917,0.2732312961117543,1.0,0,1,0,0,1,0,1
-0.5772316261705596,-0.5544873301529852,-1.0084928567175848,0.2732312961117543,1.0,1,1,0,0,0,0,0
-0.428642117160161,0.10115181672824805,0.002945749533438511,0.2732312961117543,0.0,1,1,0,0,0,0,0
-0.18355953118490606,0.47155202333877266,0.31232697026904566,-4.014071330210683,1.0,1,1,0,0,0,0,0
-0.5089164935825373,-0.03394336481483341,-0.49682391473177306,0.2732312961117543,1.0,1,1,0,0,0,1,1
-0.5305414276391774,-0.5544873301529852,-0.9013993572321825,0.2732312961117543,1.0,0,0,1,0,1,0,1
-0.10705313569664131,-0.5544873301529852,-0.6158166919377758,0.2732312961117543,1.0,0,0,0,0,1,0,1
-0.4386354578984568,-0.5544873301529852,-0.4730253592905725,0.2732312961117543,0.0,1,1,0,1,1,0,0
-0.393747337205128,0.6138294803562965,-1.0679892453205864,-2.522835634098531,1.0,1,1,0,0,1,0,1
0.09772843680942063,-0.5544873301529852,0.7050031350488547,-1.590813324028436,1.0,1,1,0,1,1,0,0
0.6476898279317006,-0.5544873301529852,1.7402402967410786,0.2732312961117543,1.0,0,0,0,1,1,0,1
-0.25302144057896225,0.5741559586879486,-0.04465136134896259,-2.522835634098531,1.0,1,1,0,0,0,0,1
1.755640047818498,-0.5544873301529852,1.3594634096818698,0.2732312961117543,1.0,1,1,0,1,0,1,1
-0.25728089728708836,-0.5544873301529852,-0.4254282484081714,0.2732312961117543,1.0,1,0,1,0,0,0,1
0.160473510625278,-0.21247421232239927,0.49081613607804975,0.2732312961117543,1.0,1,1,1,1,0,0,0
-0.39587706555919105,-0.5544873301529852,-0.6872123582613775,0.2732312961117543,0.0,1,0,0,0,1,0,0
0.7469679342826395,-0.5544873301529852,0.40752119203384785,0.2732312961117543,1.0,1,1,0,1,0,0,1
0.06168688004835374,-0.5544873301529852,0.5503125246810512,0.2732312961117543,1.0,1,1,0,0,0,1,1
-0.8170718038896593,13.696173250494041,2.4303984045358944,-2.522835634098531,1.0,0,0,0,0,0,1,0
-0.41111281455364207,0.40041329483001076,0.11003924901884099,0.2732312961117543,1.0,1,1,1,0,0,0,1
0.049072335181980314,-0.5544873301529852,-0.21124124943736644,0.2732312961117543,1.0,1,1,0,0,0,1,1
-0.28300146279384975,0.916511089636365,0.31232697026904566,0.2732312961117543,1.0,1,0,0,0,0,0,1
1.080679984838518,-0.5544873301529852,4.167692951743534,0.2732312961117543,1.0,0,1,0,0,1,0,1
-0.4920424920080378,0.7451625176032415,-0.21124124943736644,-2.522835634098531,1.0,1,1,1,0,0,1,0
-0.32821723400318825,0.3005454644234797,0.3242262479896459,0.2732312961117543,1.0,1,1,0,0,1,0,1
-0.23205180755434152,-0.07190682089402846,0.13383780446004154,0.2732312961117543,1.0,1,1,1,0,0,0,1
-0.35573987734800294,0.1124382496166574,-0.44922680384937197,0.2732312961117543,1.0,1,1,0,0,0,0,1
-0.410129863005613,-0.5544873301529852,-0.8895000795115822,0.2732312961117543,1.0,0,0,0,0,0,0,1
-0.21255660185176442,-0.5544873301529852,-1.2583776888501907,-2.522835634098531,1.0,1,1,0,0,0,0,1
0.4371743713954689,-0.47240418187364464,1.276168465637668,0.2732312961117543,1.0,1,1,0,0,0,1,1
0.3570638202310975,-0.5544873301529852,0.49081613607804975,0.2732312961117543,1.0,1,1,0,0,0,1,1
-0.1344119537834512,-0.5544873301529852,-0.15174486083436506,0.2732312961117543,0.0,0,0,0,1,1,0,0
